{"config": {"pkg": "./freqmine", "execdate": "21-02-2021_15:03:13", "command": "run.py run_inputs 1", "hostname": "service3", "kernel": "Linux-4.16.9-1.el6.elrepo.x86_64-x86_64-with-centos-6.5-Final", "disable_hyperthread": true, "disable_cores": true, "idle_time": 5, "data_descriptor": {"values": ["start_time", "stop_time", "fingerprint_sample"], "extras": {"sensors": {"values": ["info", "time"]}}, "keys": ["cores", "frequency", "input", "repetitions"]}, "sample_rate": 0.1, "arguments": ["webdocs_250k_05.dat 11000", "webdocs_250k_06.dat 11000", "webdocs_250k_07.dat 11000", "webdocs_250k_08.dat 11000", "webdocs_250k_09.dat 11000"], "governor": "userspace"}, "data": {"32;2.2;1;1": {"sensors": {"ipmi": [[222, 1613930602.985332], [226, 1613930605.0156403], [240, 1613930607.0593064]], "fingerprint_sample": [[[8892], 1613930602.9853923], [[4783610169], 1613930605.0156727], [[28409348988], 1613930607.0593374]]}, "fingerprint_sample": [28409348988], "start_time": 1613930600.881896, "stop_time": 1613930606.8681803}, "32;2.2;1;2": {"sensors": {"ipmi": [[232, 1613930614.558508], [254, 1613930616.678949]], "fingerprint_sample": [[[15862906529], 1613930614.5585978], [[28445698147], 1613930616.6789806]]}, "fingerprint_sample": [28445698147], "start_time": 1613930612.5498693, "stop_time": 1613930615.0121648}, "32;2.2;1;3": {"sensors": {"ipmi": [[234, 1613930638.0174804], [258, 1613930640.0927355]], "fingerprint_sample": [[[21756219487], 1613930638.0175674], [[28495528549], 1613930640.0927663]]}, "fingerprint_sample": [28495528549], "start_time": 1613930622.169926, "stop_time": 1613930638.2880244}, "32;2.2;2;1": {"sensors": {"ipmi": [[222, 1613930647.5886512], [230, 1613930649.617096], [238, 1613930651.7041867], [222, 1613930653.768644], [224, 1613930655.773224], [270, 1613930657.8394969]], "fingerprint_sample": [[[348422851], 1613930647.5887094], [[2222246377], 1613930649.6171424], [[6986065960], 1613930651.7042243], [[7298397403], 1613930653.7686763], [[24114321369], 1613930655.773285], [[53052494287], 1613930657.8395278]]}, "fingerprint_sample": [53052494287], "start_time": 1613930645.5838902, "stop_time": 1613930656.7523909}, "32;2.2;2;2": {"sensors": {"ipmi": [[222, 1613930665.8738697], [242, 1613930667.9648457], [224, 1613930670.0439215], [258, 1613930672.1368673]], "fingerprint_sample": [[[977653191], 1613930665.8739223], [[8809653226], 1613930667.9648967], [[19813135612], 1613930670.0439825], [[52921719928], 1613930672.1368995]]}, "fingerprint_sample": [52921719928], "start_time": 1613930663.3310177, "stop_time": 1613930671.187443}, "32;2.2;2;3": {"sensors": {"ipmi": [[234, 1613930679.596811], [232, 1613930681.6875513], [220, 1613930687.8167675]], "fingerprint_sample": [[[8809662568], 1613930679.5968916], [[8809662568], 1613930681.6875849], [[52952934153], 1613930687.8167937]]}, "fingerprint_sample": [52952934153], "start_time": 1613930677.627935, "stop_time": 1613930687.7680497}, "32;2.2;3;1": {"sensors": {"ipmi": [[224, 1613930695.2534792], [234, 1613930697.426664], [256, 1613930699.4987953], [268, 1613930701.5170681]], "fingerprint_sample": [[[3993390783], 1613930695.2535439], [[16243963421], 1613930697.4267256], [[82294324374], 1613930699.4988568], [[138551440217], 1613930701.5170927]]}, "fingerprint_sample": [138551440217], "start_time": 1613930693.3079076, "stop_time": 1613930701.4917026}, "32;2.2;3;2": {"sensors": {"ipmi": [[234, 1613930708.976968], [242, 1613930711.0482082], [268, 1613930713.1557505], [266, 1613930715.205333]], "fingerprint_sample": [[[9262397955], 1613930708.9770277], [[49804577562], 1613930711.0482657], [[116774268010], 1613930713.155811], [[138127489362], 1613930715.2053616]]}, "fingerprint_sample": [138127489362], "start_time": 1613930707.0079904, "stop_time": 1613930714.0408185}, "32;2.2;3;3": {"sensors": {"ipmi": [[220, 1613930722.7681947], [252, 1613930724.8151114], [268, 1613930726.9117296], [268, 1613930729.0426617]], "fingerprint_sample": [[[6105773880], 1613930722.7682526], [[50667610398], 1613930724.81518], [[117138747286], 1613930726.9117897], [[138392494335], 1613930729.0426934]]}, "fingerprint_sample": [138392494335], "start_time": 1613930720.6960034, "stop_time": 1613930727.79387}, "32;2.2;4;1": {"sensors": {"ipmi": [[224, 1613930736.8071964], [230, 1613930738.9346356], [236, 1613930741.7276099], [242, 1613930743.7880845], [270, 1613930745.8385496], [266, 1613930747.9596915], [270, 1613930750.0399134], [268, 1613930752.2138147], [270, 1613930754.3073125], [268, 1613930756.4126198], [268, 1613930758.5029123], [262, 1613930760.5499954]], "fingerprint_sample": [[[947972945], 1613930736.8072612], [[2480507004], 1613930738.9346685], [[9060118949], 1613930741.7276475], [[56618056979], 1613930743.7881563], [[125662569889], 1613930745.8386104], [[196248809954], 1613930747.95975], [[264967533958], 1613930750.039975], [[336689343608], 1613930752.2138758], [[406577050227], 1613930754.307367], [[477927853359], 1613930756.4126735], [[550533095002], 1613930758.5029652], [[570529558242], 1613930760.550024]]}, "fingerprint_sample": [570529558242], "start_time": 1613930734.5340226, "stop_time": 1613930759.9160855}, "32;2.2;4;2": {"sensors": {"ipmi": [[228, 1613930768.0117476], [252, 1613930770.3567843], [268, 1613930772.4212575], [268, 1613930774.4932601], [268, 1613930776.4767182], [268, 1613930778.605129], [264, 1613930780.6154644], [266, 1613930782.7246513], [278, 1613930784.8675733], [264, 1613930786.9425845]], "fingerprint_sample": [[[7943824115], 1613930768.0118067], [[62134356404], 1613930770.3568456], [[132764019189], 1613930772.4213157], [[200903512569], 1613930774.493316], [[267042666893], 1613930776.4767752], [[337265219586], 1613930778.6051931], [[403323747417], 1613930780.6155188], [[474439620167], 1613930782.7247055], [[543488391324], 1613930784.867624], [[570635816192], 1613930786.9426138]]}, "fingerprint_sample": [570635816192], "start_time": 1613930766.0410736, "stop_time": 1613930786.8350487}, "32;2.2;4;3": {"sensors": {"ipmi": [[230, 1613930794.4567893], [232, 1613930796.5447865], [256, 1613930798.602615], [276, 1613930800.6319811], [274, 1613930802.6777244], [274, 1613930805.4838576], [272, 1613930807.5271873], [272, 1613930809.5921252], [272, 1613930811.757358], [272, 1613930813.8296967], [264, 1613930815.8856335]], "fingerprint_sample": [[[3188720], 1613930794.4568381], [[8444453636], 1613930796.544821], [[57599879351], 1613930798.602673], [[126638841368], 1613930800.6320415], [[194164043483], 1613930802.6777828], [[287366025452], 1613930805.4839141], [[355212255453], 1613930807.5272439], [[424506957797], 1613930809.5921867], [[498484034244], 1613930811.757413], [[563145985408], 1613930813.8297446], [[569897671527], 1613930815.8856611]]}, "fingerprint_sample": [569897671527], "start_time": 1613930792.4341598, "stop_time": 1613930814.5458393}, "32;2.2;5;1": {"sensors": {"ipmi": [[230, 1613930823.7197003], [256, 1613930825.7721484], [258, 1613930827.8479135], [278, 1613930829.9968169], [274, 1613930832.0898314], [274, 1613930834.1858096], [274, 1613930836.2817795], [272, 1613930838.3767722], [274, 1613930840.4827852], [274, 1613930842.6586263], [270, 1613930844.783328], [276, 1613930846.8256323], [270, 1613930848.9194334], [274, 1613930850.9852905], [272, 1613930853.0226238], [270, 1613930855.0818293], [270, 1613930857.1764438], [274, 1613930859.3116128], [270, 1613930861.3299668], [262, 1613930863.3660498], [246, 1613930865.8937476]],