{"config": {"pkg": "./openmc", "execdate": "21-02-2021_07:09:15", "command": "run.py run_inputs 1", "hostname": "service3", "kernel": "Linux-4.16.9-1.el6.elrepo.x86_64-x86_64-with-centos-6.5-Final", "disable_hyperthread": true, "disable_cores": true, "idle_time": 5, "data_descriptor": {"values": ["start_time", "stop_time", "fingerprint_sample"], "extras": {"sensors": {"values": ["info", "time"]}}, "keys": ["cores", "frequency", "input", "repetitions"]}, "sample_rate": 0.1, "arguments": ["input1", "input2", "input3", "input4", "input5"], "governor": "userspace"}, "data": {"32;2.2;1;1": {"sensors": {"ipmi": [[224, 1613902165.8385158], [222, 1613902167.9155948]], "fingerprint_sample": [[[2829101], 1613902165.8385708], [[79544938], 1613902167.9156203]]}, "fingerprint_sample": [79544938], "start_time": 1613902162.9310277, "stop_time": 1613902166.5064232}, "32;2.2;1;2": {"fingerprint_sample": [79495234], "sensors": {"ipmi": [[226, 1613902175.429852]], "fingerprint_sample": [[[79495234], 1613902175.4298856]]}, "start_time": 1613902173.4069085, "stop_time": 1613902173.442147}, "32;2.2;1;3": {"fingerprint_sample": [79491477], "sensors": {"ipmi": [[222, 1613902182.901098]], "fingerprint_sample": [[[79491477], 1613902182.9011312]]}, "start_time": 1613902180.9207914, "stop_time": 1613902180.9559994}, "32;2.2;2;1": {"fingerprint_sample": [79494888], "sensors": {"ipmi": [[232, 1613902190.3595674]], "fingerprint_sample": [[[79494888], 1613902190.3596003]]}, "start_time": 1613902188.3917496, "stop_time": 1613902188.4267101}, "32;2.2;2;2": {"fingerprint_sample": [79495409], "sensors": {"ipmi": [[228, 1613902197.7277362]], "fingerprint_sample": [[[79495409], 1613902197.7277691]]}, "start_time": 1613902195.8508983, "stop_time": 1613902195.8857152}, "32;2.2;2;3": {"fingerprint_sample": [79465359], "sensors": {"ipmi": [[228, 1613902205.294731]], "fingerprint_sample": [[[79465359], 1613902205.2947633]]}, "start_time": 1613902203.2187252, "stop_time": 1613902203.2536912}, "32;2.2;3;1": {"fingerprint_sample": [79494924], "sensors": {"ipmi": [[230, 1613902212.7171307]], "fingerprint_sample": [[[79494924], 1613902212.7171752]]}, "start_time": 1613902210.7857127, "stop_time": 1613902210.8204513}, "32;2.2;3;2": {"fingerprint_sample": [79526821], "sensors": {"ipmi": [[228, 1613902220.64029]], "fingerprint_sample": [[[79526821], 1613902220.6403222]]}, "start_time": 1613902218.2077246, "stop_time": 1613902219.3012152}, "32;2.2;3;3": {"sensors": {"ipmi": [[224, 1613902228.0112486], [228, 1613902230.14492]], "fingerprint_sample": [[[2806317], 1613902228.0112958], [[79526820], 1613902230.1449444]]}, "fingerprint_sample": [79526820], "start_time": 1613902226.1308832, "stop_time": 1613902229.112233}, "32;2.2;4;1": {"fingerprint_sample": [79495406], "sensors": {"ipmi": [[226, 1613902237.5662227]], "fingerprint_sample": [[[79495406], 1613902237.5662556]]}, "start_time": 1613902235.6358724, "stop_time": 1613902235.6700454}, "32;2.2;4;2": {"fingerprint_sample": [79500126], "sensors": {"ipmi": [[228, 1613902245.0728266]], "fingerprint_sample": [[[79500126], 1613902245.072861]]}, "start_time": 1613902243.0568402, "stop_time": 1613902243.09093}, "32;2.2;4;3": {"fingerprint_sample": [79491441], "sensors": {"ipmi": [[224, 1613902252.5266685]], "fingerprint_sample": [[[79491441], 1613902252.5267015]]}, "start_time": 1613902250.5638392, "stop_time": 1613902250.598727}, "32;2.2;5;1": {"fingerprint_sample": [79491470], "sensors": {"ipmi": [[226, 1613902259.9576788]], "fingerprint_sample": [[[79491470], 1613902259.9577112]]}, "start_time": 1613902258.0178154, "stop_time": 1613902258.051899}, "32;2.2;5;2": {"fingerprint_sample": [79495427], "sensors": {"ipmi": [[224, 1613902267.4457731]], "fingerprint_sample": [[[79495427], 1613902267.4458063]]}, "start_time": 1613902265.4488747, "stop_time": 1613902265.4831548}, "32;2.2;5;3": {"fingerprint_sample": [79495475], "sensors": {"ipmi": [[226, 1613902274.915973]], "fingerprint_sample": [[[79495475], 1613902274.9160058]]}, "start_time": 1613902272.936859, "stop_time": 1613902272.971724}}}