{"config": {"pkg": "./xhpl", "execdate": "21-02-2021_07:11:21", "command": "run.py run_inputs 1", "hostname": "service3", "kernel": "Linux-4.16.9-1.el6.elrepo.x86_64-x86_64-with-centos-6.5-Final", "disable_hyperthread": true, "disable_cores": true, "idle_time": 5, "data_descriptor": {"values": ["start_time", "stop_time", "fingerprint_sample"], "extras": {"sensors": {"values": ["info", "time"]}}, "keys": ["cores", "frequency", "input", "repetitions"]}, "sample_rate": 0.1, "arguments": ["__nt__ 7000", "__nt__ 8000", "__nt__ 9000", "__nt__ 10000", "__nt__ 11000"], "governor": "userspace"}, "data": {"32;2.2;1;1": {"sensors": {"ipmi": [[224, 1613902291.0298786], [228, 1613902293.0958195], [278, 1613902295.1888769], [274, 1613902297.2666857]], "fingerprint_sample": [[[96107122], 1613902291.0299385], [[111456834], 1613902293.095857], [[111488964], 1613902295.1889126], [[112517984], 1613902297.2667165]]}, "fingerprint_sample": [112517984], "start_time": 1613902288.562954, "stop_time": 1613902296.9864738}, "32;2.2;1;2": {"sensors": {"ipmi": [[224, 1613902304.6915295], [226, 1613902306.8073065], [272, 1613902308.810841], [274, 1613902310.901778]], "fingerprint_sample": [[[78548812], 1613902304.6915827], [[111360980], 1613902306.8073404], [[111387755], 1613902308.810875], [[112425555], 1613902310.9018087]]}, "fingerprint_sample": [112425555], "start_time": 1613902302.7579267, "stop_time": 1613902310.782874}, "32;2.2;1;3": {"sensors": {"ipmi": [[228, 1613902318.3912382], [276, 1613902320.4554834], [270, 1613902322.5518284]], "fingerprint_sample": [[[111383853], 1613902318.391297], [[111414913], 1613902320.4555202], [[112446510], 1613902322.5518587]]}, "fingerprint_sample": [112446510], "start_time": 1613902316.3929582, "stop_time": 1613902322.184407}, "32;2.2;2;1": {"sensors": {"ipmi": [[222, 1613902330.014404], [260, 1613902332.1088614], [280, 1613902334.13891], [266, 1613902336.2380953]], "fingerprint_sample": [[[111335777], 1613902330.0144646], [[111353989], 1613902332.108901], [[111415036], 1613902334.1389453], [[112413439], 1613902336.2381256]]}, "fingerprint_sample": [112413439], "start_time": 1613902328.0429432, "stop_time": 1613902335.950836}, "32;2.2;2;2": {"sensors": {"ipmi": [[224, 1613902343.9208531], [248, 1613902346.0557568], [280, 1613902348.1657822], [278, 1613902350.2182205], [248, 1613902352.3178167]], "fingerprint_sample": [[[111434049], 1613902343.9209144], [[111442623], 1613902346.055795], [[111469398], 1613902348.1658173], [[111523611], 1613902350.2182534], [[112510534], 1613902352.3178477]]}, "fingerprint_sample": [112510534], "start_time": 1613902341.7301488, "stop_time": 1613902351.2904418}, "32;2.2;2;3": {"sensors": {"ipmi": [[224, 1613902359.7296903], [224, 1613902361.815595], [218, 1613902363.8635132], [238, 1613902365.9420617], [280, 1613902368.0126274], [278, 1613902370.0319927], [250, 1613902372.3898084]], "fingerprint_sample": [[[3879614], 1613902359.7297451], [[3879614], 1613902361.8156214], [[111337757], 1613902363.8635454], [[111342046], 1613902365.942097], [[111365609], 1613902368.012662], [[111428569], 1613902370.0320275], [[112415497], 1613902372.3898394]]}, "fingerprint_sample": [112415497], "start_time": 1613902357.8088846, "stop_time": 1613902371.1240642}, "32;2.2;3;1": {"sensors": {"ipmi": [[224, 1613902379.8707058], [250, 1613902381.9633653], [282, 1613902384.0294688], [282, 1613902386.1394055], [268, 1613902388.2217653], [242, 1613902390.2859483]], "fingerprint_sample": [[[111335616], 1613902379.8707666], [[111344189], 1613902381.9634004], [[111364538], 1613902384.0295074], [[111436953], 1613902386.1394382], [[111436953], 1613902388.2218027], [[112423881], 1613902390.2859776]]}, "fingerprint_sample": [112423881], "start_time": 1613902377.881012, "stop_time": 1613902388.325611}, "32;2.2;3;2": {"sensors": {"ipmi": [[228, 1613902397.777721], [250, 1613902399.8573222], [282, 1613902401.9331625], [280, 1613902404.1864567], [256, 1613902406.2878706]], "fingerprint_sample": [[[111335782], 1613902397.777781], [[111348640], 1613902399.8573565], [[111371131], 1613902401.933196], [[111435885], 1613902404.1864908], [[112422808], 1613902406.2879019]]}, "fingerprint_sample": [112422808], "start_time": 1613902395.7769127, "stop_time": 1613902405.7316663}, "32;2.2;3;3": {"sensors": {"ipmi": [[224, 1613902413.7816389], [224, 1613902415.8128302], [222, 1613902417.9290411], [248, 1613902419.9692903], [286, 1613902422.0762978], [280, 1613902424.1490214], [258, 1613902426.163762]], "fingerprint_sample": [[[2806062], 1613902413.7816892], [[2812431], 1613902415.812855], [[111432878], 1613902417.9290743], [[111443593], 1613902419.969326], [[111466084], 1613902422.076336], [[111533193], 1613902424.1490538], [[112520112], 1613902426.1637924]]}, "fingerprint_sample": [112520112], "start_time": 1613902411.779068, "stop_time": 1613902426.0137827}, "32;2.2;4;1": {"sensors": {"ipmi": [[228, 1613902433.7226906], [250, 1613902435.8327246], [282, 1613902437.926165], [286, 1613902440.0226243], [280, 1613902442.1088336], [268, 1613902444.1405833], [252, 1613902446.268765]], "fingerprint_sample": [[[111324180], 1613902433.722749], [[111326327], 1613902435.8327582], [[111342392], 1613902437.9262023], [[111363812], 1613902440.022658], [[111430214], 1613902442.10887], [[111435173], 1613902444.1406147], [[112422092], 1613902446.2687948]]}, "fingerprint_sample": [112422092], "start_time": 1613902431.6549146, "stop_time": 1613902444.8837497}, "32;2.2;4;2": {"sensors": {"ipmi": [[224, 1613902453.7383249], [236, 1613902455.7686055], [250, 1613902457.8423176], [288, 1613902459.8992264], [284, 1613902461.9839487], [278, 1613902464.4895701], [252, 1613902466.5568333]], "fingerprint_sample": [[[111328422], 1613902453.7383828], [[111335009], 1613902455.7686403], [[111345725], 1613902457.842352], [[111363932], 1613902459.8992605], [[111388565], 1613902461.983987], [[111447140], 1613902464.4896047], [[112433917], 1613902466.556864]]}, "fingerprint_sample": [112433917], "start_time": 1613902451.7600195, "stop_time": 1613902465.7547266}, "32;2.2;4;3": {"sensors": {"ipmi": [[224, 1613902473.958602], [224, 1613902475.9793158], [248, 1613902478.0475402], [226, 1613902480.0980718], [290, 1613902482.1911225], [286, 1613902484.2872872], [280, 1613902486.352573], [256, 1613902488.4967644], [244, 1613902490.5069106]], "fingerprint_sample": [[[111132647], 1613902473.9586556], [[111434622], 1613902475.97935], [[111434622], 1613902478.0475855], [[111441053], 1613902480.0981116], [[111458189], 1613902482.1911685], [[111481752], 1613902484.287322], [[111545650], 1613902486.3526068], [[111545650], 1613902488.4968016], [[112532540], 1613902490.50694]]}, "fingerprint_sample": [112532540], "start_time": 1613902472.0480685, "stop_time": 1613902488.7858796}, "32;2.2;5;1": {"sensors": {"ipmi": [[228, 1613902498.0265439], [252, 1613902500.0861275], [286, 1613902502.1277187], [290, 1613902504.2066796], [286, 1613902506.301815], [280, 1613902508.449589], [256, 1613902510.4500303], [252, 1613902512.5535774]], "fingerprint_sample": [[[111336451], 1613902498.0266001], [[111338598], 1613902500.0861804], [[111353592], 1613902502.1277533], [[111370728], 1613902504.2067137], [[111393219], 1613902506.301854], [[111459524], 1613902508.4496233], [[111459524], 1613902510.4500644], [[112446414], 1613902512.5536087]]}, "fingerprint_sample": [112446414], "start_time": 1613902495.9980237, "stop_time": 1613902511.1806645}, "32;2.2;5;2": {"sensors": {"ipmi": [[222, 1613902519.9431016], [224, 1613902522.010595], [222, 1613902524.4161012], [250, 1613902526.4862833], [262, 1613902528.5548055], [290, 1613902530.6280062], [288, 1613902532.677572], [280, 1613902534.7104228], [272, 1613902536.7911973], [256, 1613902538.8996122], [224, 1613902540.92905], [224, 1613902543.0525975], [226, 1613902545.12428]],