{"config": {"pkg": "./openmc", "execdate": "17-02-2021_04:42:30", "command": "run.py run_freq 3", "hostname": "service3", "kernel": "Linux-4.16.9-1.el6.elrepo.x86_64-x86_64-with-centos-6.5-Final", "disable_hyperthread": true, "disable_cores": true, "idle_time": 5, "data_descriptor": {"values": ["start_time", "stop_time", "fingerprint_sample"], "extras": {"sensors": {"values": ["info", "time"]}}, "keys": ["cores", "frequency", "input", "repetitions"]}, "sample_rate": 0.1, "arguments": ["input5"], "governor": "userspace"}, "data": {"32;2.3;1;1": {"fingerprint_sample": [81731970], "sensors": {"ipmi": [[222, 1613547760.252124]], "fingerprint_sample": [[[81731970], 1613547760.2521677]]}, "start_time": 1613547758.0368245, "stop_time": 1613547759.9717047}, "32;2.3;1;2": {"fingerprint_sample": [81691539], "sensors": {"ipmi": [[224, 1613547767.75982]], "fingerprint_sample": [[[81691539], 1613547767.7598531]]}, "start_time": 1613547765.742721, "stop_time": 1613547765.7906935}, "32;2.3;1;3": {"fingerprint_sample": [81691930], "sensors": {"ipmi": [[224, 1613547775.1916223]], "fingerprint_sample": [[[81691930], 1613547775.191655]]}, "start_time": 1613547773.2506933, "stop_time": 1613547773.2843335}, "32;2.2;1;1": {"fingerprint_sample": [81679626], "sensors": {"ipmi": [[224, 1613547782.6863878]], "fingerprint_sample": [[[81679626], 1613547782.6864207]]}, "start_time": 1613547780.6858265, "stop_time": 1613547780.720258}, "32;2.2;1;2": {"fingerprint_sample": [81712247], "sensors": {"ipmi": [[220, 1613547790.177667]], "fingerprint_sample": [[[81712247], 1613547790.1776972]]}, "start_time": 1613547788.1768653, "stop_time": 1613547788.2156096}, "32;2.2;1;3": {"fingerprint_sample": [81686962], "sensors": {"ipmi": [[222, 1613547797.6863003]], "fingerprint_sample": [[[81686962], 1613547797.68633]]}, "start_time": 1613547795.668729, "stop_time": 1613547795.703413}, "32;2.1;1;1": {"fingerprint_sample": [81686968], "sensors": {"ipmi": [[222, 1613547805.1396875]], "fingerprint_sample": [[[81686968], 1613547805.139719]]}, "start_time": 1613547803.180972, "stop_time": 1613547803.2168968}, "32;2.1;1;2": {"fingerprint_sample": [81691572], "sensors": {"ipmi": [[218, 1613547812.6355727]], "fingerprint_sample": [[[81691572], 1613547812.6356034]]}, "start_time": 1613547810.6309261, "stop_time": 1613547811.7087598}, "32;2.1;1;3": {"fingerprint_sample": [81691635], "sensors": {"ipmi": [[220, 1613547820.0818088]], "fingerprint_sample": [[[81691635], 1613547820.08184]]}, "start_time": 1613547818.1267712, "stop_time": 1613547818.1630917}, "32;2.0;1;1": {"fingerprint_sample": [81712242], "sensors": {"ipmi": [[224, 1613547827.576097]], "fingerprint_sample": [[[81712242], 1613547827.5761318]]}, "start_time": 1613547825.5768461, "stop_time": 1613547826.2323146}, "32;2.0;1;2": {"fingerprint_sample": [81692172], "sensors": {"ipmi": [[224, 1613547835.0835726]], "fingerprint_sample": [[[81692172], 1613547835.0836046]]}, "start_time": 1613547833.0669427, "stop_time": 1613547833.1046891}, "32;2.0;1;3": {"fingerprint_sample": [81691669], "sensors": {"ipmi": [[222, 1613547842.5713115]], "fingerprint_sample": [[[81691669], 1613547842.5713458]]}, "start_time": 1613547840.5748742, "stop_time": 1613547840.6121962}, "32;1.9;1;1": {"fingerprint_sample": [81692137], "sensors": {"ipmi": [[222, 1613547850.0931072]], "fingerprint_sample": [[[81692137], 1613547850.0931535]]}, "start_time": 1613547848.0659568, "stop_time": 1613547848.1047552}, "32;1.9;1;2": {"fingerprint_sample": [81691932], "sensors": {"ipmi": [[222, 1613547857.5619514]], "fingerprint_sample": [[[81691932], 1613547857.5619874]]}, "start_time": 1613547855.584003, "stop_time": 1613547855.622839}, "32;1.9;1;3": {"fingerprint_sample": [81692110], "sensors": {"ipmi": [[220, 1613547865.0578768]], "fingerprint_sample": [[[81692110], 1613547865.0579119]]}, "start_time": 1613547863.0529325, "stop_time": 1613547863.0916314}, "32;1.8;1;1": {"fingerprint_sample": [81692200], "sensors": {"ipmi": [[222, 1613547872.5620906]], "fingerprint_sample": [[[81692200], 1613547872.5621247]]}, "start_time": 1613547870.5530875, "stop_time": 1613547870.5941207}, "32;1.8;1;2": {"fingerprint_sample": [81691580], "sensors": {"ipmi": [[222, 1613547880.2015991]], "fingerprint_sample": [[[81691580], 1613547880.2016335]]}, "start_time": 1613547878.0531068, "stop_time": 1613547878.5851667}, "32;1.8;1;3": {"fingerprint_sample": [81712245], "sensors": {"ipmi": [[224, 1613547887.7408717]], "fingerprint_sample": [[[81712245], 1613547887.7409048]]}, "start_time": 1613547885.6930711, "stop_time": 1613547886.3443553}, "32;1.7;1;1": {"fingerprint_sample": [81694941], "sensors": {"ipmi": [[220, 1613547895.235957]], "fingerprint_sample": [[[81694941], 1613547895.2359917]]}, "start_time": 1613547893.2360768, "stop_time": 1613547893.7742915}, "32;1.7;1;2": {"fingerprint_sample": [81691964], "sensors": {"ipmi": [[220, 1613547902.7260318]], "fingerprint_sample": [[[81691964], 1613547902.726068]]}, "start_time": 1613547900.7281566, "stop_time": 1613547900.7711458}, "32;1.7;1;3": {"fingerprint_sample": [81692180], "sensors": {"ipmi": [[222, 1613547910.1932611]], "fingerprint_sample": [[[81692180], 1613547910.193299]]}, "start_time": 1613547908.2170627, "stop_time": 1613547908.2597957}, "32;1.6;1;1": {"fingerprint_sample": [81692137], "sensors": {"ipmi": [[220, 1613547917.6730602]], "fingerprint_sample": [[[81692137], 1613547917.6730964]]}, "start_time": 1613547915.6892252, "stop_time": 1613547915.7342083}, "32;1.6;1;2": {"fingerprint_sample": [81692179], "sensors": {"ipmi": [[222, 1613547925.2621572]], "fingerprint_sample": [[[81692179], 1613547925.2621946]]}, "start_time": 1613547923.1641676, "stop_time": 1613547923.2093942}, "32;1.6;1;3": {"fingerprint_sample": [81693467], "sensors": {"ipmi": [[222, 1613547932.7004077]], "fingerprint_sample": [[[81693467], 1613547932.7004461]]}, "start_time": 1613547930.753181, "stop_time": 1613547930.7981153}, "32;1.5;1;1": {"fingerprint_sample": [81693474], "sensors": {"ipmi": [[222, 1613547940.355752]], "fingerprint_sample": [[[81693474], 1613547940.35579]]}, "start_time": 1613547938.1962225, "stop_time": 1613547939.0654342}, "32;1.5;1;2": {"fingerprint_sample": [81712249], "sensors": {"ipmi": [[222, 1613547947.8962445]], "fingerprint_sample": [[[81712249], 1613547947.8962836]]}, "start_time": 1613547945.8472402, "stop_time": 1613547946.6318874}, "32;1.5;1;3": {"fingerprint_sample": [81692973], "sensors": {"ipmi": [[224, 1613547955.4275563]], "fingerprint_sample": [[[81692973], 1613547955.4275947]]}, "start_time": 1613547953.3872457, "stop_time": 1613547954.2945075}, "32;1.4;1;1": {"fingerprint_sample": [81693457], "sensors": {"ipmi": [[220, 1613547962.9188318]], "fingerprint_sample": [[[81693457], 1613547962.9188738]]}, "start_time": 1613547960.9243486, "stop_time": 1613547960.9752064}, "32;1.4;1;2": {"fingerprint_sample": [81694949], "sensors": {"ipmi": [[220, 1613547970.8191764]], "fingerprint_sample": [[[81694949], 1613547970.8192194]]}, "start_time": 1613547968.4103606, "stop_time": 1613547968.9750757}, "32;1.4;1;3": {"fingerprint_sample": [81693013], "sensors": {"ipmi": [[222, 1613547978.2993767]], "fingerprint_sample": [[[81693013], 1613547978.299419]]}, "start_time": 1613547976.310376, "stop_time": 1613547976.3611753}, "32;1.3;1;1": {"fingerprint_sample": [81695405], "sensors": {"ipmi": [[218, 1613547985.8854554]], "fingerprint_sample": [[[81695405], 1613547985.8854969]]}, "start_time": 1613547983.796464, "stop_time": 1613547983.8512628}, "32;1.3;1;2": {"fingerprint_sample": [81693444], "sensors": {"ipmi": [[224, 1613547993.3793094]], "fingerprint_sample": [[[81693444], 1613547993.3793511]]}, "start_time": 1613547991.3774981, "stop_time": 1613547991.4320955}, "32;1.3;1;3": {"fingerprint_sample": [81695135], "sensors": {"ipmi": [[222, 1613548000.9904418]], "fingerprint_sample": [[[81695135], 1613548000.9904847]]}, "start_time": 1613547998.8705285, "stop_time": 1613547999.2737608},