{"config": {"pkg": "./openmc", "execdate": "15-02-2021_18:37:26", "command": "run.py run_cores 3", "hostname": "service3", "kernel": "Linux-4.16.9-1.el6.elrepo.x86_64-x86_64-with-centos-6.5-Final", "disable_hyperthread": true, "disable_cores": true, "idle_time": 5, "data_descriptor": {"values": ["start_time", "stop_time", "fingerprint_sample"], "extras": {"sensors": {"values": ["info", "time"]}}, "keys": ["cores", "frequency", "input", "repetitions"]}, "sample_rate": 0.1, "arguments": ["input5"], "governor": "userspace"}, "data": {"30;2.2;1;1": {"fingerprint_sample": [81712244], "sensors": {"ipmi": [[218, 1613425055.9628587]], "fingerprint_sample": [[[81712244], 1613425055.9628956]]}, "start_time": 1613425054.0138419, "stop_time": 1613425054.078121}, "30;2.2;1;2": {"fingerprint_sample": [81712207], "sensors": {"ipmi": [[220, 1613425063.4520054]], "fingerprint_sample": [[[81712207], 1613425063.4520397]]}, "start_time": 1613425061.4298468, "stop_time": 1613425061.5035384}, "30;2.2;1;3": {"fingerprint_sample": [81686969], "sensors": {"ipmi": [[220, 1613425070.8949041]], "fingerprint_sample": [[[81686969], 1613425070.8949378]]}, "start_time": 1613425068.9187167, "stop_time": 1613425068.9536858}, "28;2.2;1;1": {"fingerprint_sample": [81691931], "sensors": {"ipmi": [[214, 1613425078.3831794]], "fingerprint_sample": [[[81691931], 1613425078.383213]]}, "start_time": 1613425076.3746097, "stop_time": 1613425076.4097195}, "28;2.2;1;2": {"fingerprint_sample": [81691926], "sensors": {"ipmi": [[220, 1613425085.7886915]], "fingerprint_sample": [[[81691926], 1613425085.7887242]]}, "start_time": 1613425083.8256297, "stop_time": 1613425083.8608725}, "28;2.2;1;3": {"fingerprint_sample": [81691575], "sensors": {"ipmi": [[218, 1613425093.2125616]], "fingerprint_sample": [[[81691575], 1613425093.2125957]]}, "start_time": 1613425091.2317235, "stop_time": 1613425091.2666569}, "26;2.2;1;1": {"fingerprint_sample": [81686969], "sensors": {"ipmi": [[218, 1613425100.5961812]], "fingerprint_sample": [[[81686969], 1613425100.5962152]]}, "start_time": 1613425098.67063, "stop_time": 1613425098.706069}, "26;2.2;1;2": {"fingerprint_sample": [81691575], "sensors": {"ipmi": [[218, 1613425108.0157201]], "fingerprint_sample": [[[81691575], 1613425108.0157518]]}, "start_time": 1613425106.0146015, "stop_time": 1613425106.049801}, "26;2.2;1;3": {"fingerprint_sample": [81691947], "sensors": {"ipmi": [[216, 1613425115.4714324]], "fingerprint_sample": [[[81691947], 1613425115.4714658]]}, "start_time": 1613425113.4345276, "stop_time": 1613425113.4697647}, "24;2.2;1;1": {"fingerprint_sample": [81711490], "sensors": {"ipmi": [[216, 1613425122.8886921]], "fingerprint_sample": [[[81711490], 1613425122.8887253]]}, "start_time": 1613425120.9004316, "stop_time": 1613425120.9388688}, "24;2.2;1;2": {"fingerprint_sample": [81712207], "sensors": {"ipmi": [[216, 1613425130.2781982]], "fingerprint_sample": [[[81712207], 1613425130.2782319]]}, "start_time": 1613425128.2834458, "stop_time": 1613425128.3547063}, "24;2.2;1;3": {"fingerprint_sample": [81691578], "sensors": {"ipmi": [[218, 1613425137.684382]], "fingerprint_sample": [[[81691578], 1613425137.6844153]]}, "start_time": 1613425135.6726322, "stop_time": 1613425135.707754}, "22;2.2;1;1": {"fingerprint_sample": [81679626], "sensors": {"ipmi": [[210, 1613425145.1527421]], "fingerprint_sample": [[[81679626], 1613425145.1527762]]}, "start_time": 1613425143.0886176, "stop_time": 1613425143.123467}, "22;2.2;1;2": {"fingerprint_sample": [81677524], "sensors": {"ipmi": [[218, 1613425152.4648457]], "fingerprint_sample": [[[81677524], 1613425152.464879]]}, "start_time": 1613425150.5236156, "stop_time": 1613425150.5581062}, "22;2.2;1;3": {"fingerprint_sample": [81679627], "sensors": {"ipmi": [[210, 1613425159.791341]], "fingerprint_sample": [[[81679627], 1613425159.7913744]]}, "start_time": 1613425157.8354511, "stop_time": 1613425157.8701415}, "20;2.2;1;1": {"fingerprint_sample": [81689920], "sensors": {"ipmi": [[208, 1613425167.1793628]], "fingerprint_sample": [[[81689920], 1613425167.179397]]}, "start_time": 1613425165.174502, "stop_time": 1613425165.2098567}, "20;2.2;1;2": {"fingerprint_sample": [81679603], "sensors": {"ipmi": [[210, 1613425174.6275883]], "fingerprint_sample": [[[81679603], 1613425174.627622]]}, "start_time": 1613425172.525389, "stop_time": 1613425172.5599039}, "20;2.2;1;3": {"fingerprint_sample": [81679571], "sensors": {"ipmi": [[208, 1613425181.944999]], "fingerprint_sample": [[[81679571], 1613425181.9450333]]}, "start_time": 1613425179.9744434, "stop_time": 1613425180.0101514}, "18;2.2;1;1": {"fingerprint_sample": [81712239], "sensors": {"ipmi": [[204, 1613425189.3787823]], "fingerprint_sample": [[[81712239], 1613425189.3788166]]}, "start_time": 1613425187.3093383, "stop_time": 1613425187.3606577}, "18;2.2;1;2": {"fingerprint_sample": [81712206], "sensors": {"ipmi": [[210, 1613425196.6917622]], "fingerprint_sample": [[[81712206], 1613425196.691795]]}, "start_time": 1613425194.7013843, "stop_time": 1613425194.752164}, "18;2.2;1;3": {"fingerprint_sample": [81691925], "sensors": {"ipmi": [[204, 1613425203.9915063]], "fingerprint_sample": [[[81691925], 1613425203.991541]]}, "start_time": 1613425202.0143957, "stop_time": 1613425202.0488462}, "16;2.2;1;1": {"fingerprint_sample": [81690112], "sensors": {"ipmi": [[214, 1613425211.512713]], "fingerprint_sample": [[[81690112], 1613425211.5127451]]}, "start_time": 1613425209.5553665, "stop_time": 1613425209.5909982}, "16;2.2;1;2": {"fingerprint_sample": [81691962], "sensors": {"ipmi": [[200, 1613425218.8316846]], "fingerprint_sample": [[[81691962], 1613425218.831723]]}, "start_time": 1613425216.8112302, "stop_time": 1613425216.846547}, "16;2.2;1;3": {"fingerprint_sample": [81688485], "sensors": {"ipmi": [[208, 1613425226.0925925]], "fingerprint_sample": [[[81688485], 1613425226.0926263]]}, "start_time": 1613425224.130205, "stop_time": 1613425224.1647565}, "14;2.2;1;1": {"fingerprint_sample": [81661778], "sensors": {"ipmi": [[212, 1613425233.4377801]], "fingerprint_sample": [[[81661778], 1613425233.4378173]]}, "start_time": 1613425231.4354656, "stop_time": 1613425231.4734237}, "14;2.2;1;2": {"fingerprint_sample": [81679322], "sensors": {"ipmi": [[206, 1613425240.6996717]], "fingerprint_sample": [[[81679322], 1613425240.6997054]]}, "start_time": 1613425238.7121696, "stop_time": 1613425238.7467093}, "14;2.2;1;3": {"fingerprint_sample": [81668638], "sensors": {"ipmi": [[206, 1613425247.9528618]], "fingerprint_sample": [[[81668638], 1613425247.952896]]}, "start_time": 1613425245.9741895, "stop_time": 1613425246.0133133}, "12;2.2;1;1": {"fingerprint_sample": [81712207], "sensors": {"ipmi": [[210, 1613425255.2700207]], "fingerprint_sample": [[[81712207], 1613425255.2700589]]}, "start_time": 1613425253.2512617, "stop_time": 1613425253.3266988}, "12;2.2;1;2": {"fingerprint_sample": [81712203], "sensors": {"ipmi": [[204, 1613425262.4966397]], "fingerprint_sample": [[[81712203], 1613425262.496673]]}, "start_time": 1613425260.5201118, "stop_time": 1613425260.5642126}, "12;2.2;1;3": {"fingerprint_sample": [81679120], "sensors": {"ipmi": [[198, 1613425269.7428198]], "fingerprint_sample": [[[81679120], 1613425269.7428527]]}, "start_time": 1613425267.7471652, "stop_time": 1613425267.7817843}, "10;2.2;1;1": {"fingerprint_sample": [81679407], "sensors": {"ipmi": [[208, 1613425276.9733765]], "fingerprint_sample": [[[81679407], 1613425276.9734135]]}, "start_time": 1613425275.0433285, "stop_time": 1613425275.0804307}, "10;2.2;1;2": {"fingerprint_sample": [81688447], "sensors": {"ipmi": [[202, 1613425284.2307713]], "fingerprint_sample": [[[81688447], 1613425284.230804]]}, "start_time": 1613425282.1989985, "stop_time": 1613425282.2334676}, "10;2.2;1;3": {"fingerprint_sample": [81679350], "sensors": {"ipmi": [[198, 1613425291.4129317]], "fingerprint_sample": [[[81679350], 1613425291.4129653]]}, "start_time": 1613425289.4571896, "stop_time": 1613425289.4925666}, "8;2.2;1;1": {"fingerprint_sample": [81687958],